id;id_agent;action;module;date;extra
1;75574;Industrial;(the;2022-01-17;Soap Cuba Executive
2;4306;synthesize online;Metrics;2022-01-17;throughput
3;51523;Hat;Analyst;2022-01-17;paradigms Concrete compress
4;13711;web-enabled;heuristic;2022-01-17;Baby
5;21017;Ergonomic;programming Account Dynamic;2022-01-17;Rico Account
6;42412;haptic withdrawal JSON;Savings;2022-01-17;Rubber Future
7;92042;Gorgeous withdrawal;core Buckinghamshire indigo;2022-01-17;standardization leading Movies
8;31299;Ball Cambridgeshire;well-modulated synthesize;2022-01-17;user
9;88549;RSS;connecting Security Buckinghamshire;2022-01-17;Ways grey payment
10;65690;policy Accounts visionary;Electronics generate;2022-01-17;structure Jewelery synergy
