id;id_transaction;pin;reference;status
1;41505;8480;bleeding-edge;Jewelery
2;12785;71055;USB;purple program next-generation
3;36807;4383;Rubber reboot payment;payment District
4;82007;77198;Administrator Forges;Strategist
5;44392;28311;asymmetric Interface withdrawal;Salad
6;66166;60347;Health parallelism;Health technologies
7;27441;18345;multi-byte Specialist;generate auxiliary Sports
8;14833;58;workforce;system
9;33620;80217;mobile Skyway bluetooth;Myanmar architectures bandwidth
10;15501;41123;payment;Investor Global architectures
